datetime,event,source,medium,campaign,content,page
2026-08-27 12:48,ticket_redirect,(direct),(none),,,Ticket Redirect
2026-08-27 13:01,ticket_redirect,(direct),(none),,,Ticket Redirect
2026-08-27 13:30,ticket_redirect,instagram,bio,,link_in_bio,Ticket Redirect
2026-08-27 15:34,ticket_redirect,facebook,social,promessi-spassi,,Ticket Redirect
2026-08-27 15:36,ticket_redirect,facebook,social,promessi-spassi,,Ticket Redirect
2026-08-27 15:36,ticket_redirect,facebook,social,promessi-spassi,,Ticket Redirect
2026-08-27 15:38,ticket_redirect,instagram,social,promessi-spassi,,Ticket Redirect
2026-08-27 15:38,ticket_redirect,instagram,social,promessi-spassi,,Ticket Redirect
2026-08-27 15:38,ticket_redirect,instagram,social,promessi-spassi,link_in_bio,Ticket Redirect
2026-08-27 15:39,ticket_redirect,instagram,social,promessi-spassi,link_in_bio,Ticket Redirect
2026-08-27 15:51,ticket_redirect,instagram,social,promessi-spassi,,Ticket Redirect
2026-08-27 16:14,ticket_redirect,instagram,social,promessi-spassi,link_in_bio,Ticket Redirect
2026-08-27 16:14,ticket_redirect,instagram,social,promessi-spassi,link_in_bio,Ticket Redirect
2026-08-28 12:53,ticket_redirect,instagram,social,promessi-spassi,link_in_bio,Ticket Redirect
2026-08-28 14:13,ticket_redirect,instagram,social,promessi-spassi,link_in_bio,Ticket Redirect
2026-08-29 10:25,ticket_redirect,instagram,social,promessi-spassi,link_in_bio,Ticket Redirect
2026-08-30 14:39,ticket_redirect,meta,paid_social,promessi-spassi,,Ticket Redirect
2026-08-30 21:29,ticket_redirect,meta,paid_social,promessi-spassi,,Ticket Redirect
2026-08-30 21:29,ticket_redirect,meta,paid_social,promessi-spassi,,Ticket Redirect
2026-08-30 21:29,ticket_redirect,meta,paid_social,promessi-spassi,,Ticket Redirect
2026-08-30 21:54,ticket_redirect,meta,paid_social,promessi-spassi,,Ticket Redirect
2026-08-30 22:01,ticket_redirect,meta,paid_social,promessi-spassi,,Ticket Redirect
2026-08-30 22:17,ticket_redirect,meta,paid_social,promessi-spassi,,Ticket Redirect
2026-08-30 22:17,ticket_redirect,meta,paid_social,promessi-spassi,,Ticket Redirect
2026-08-30 22:17,ticket_redirect,meta,paid_social,promessi-spassi,,Ticket Redirect
2026-08-30 22:17,ticket_redirect,meta,paid_social,promessi-spassi,,Ticket Redirect
2026-08-30 22:17,ticket_redirect,meta,paid_social,promessi-spassi,,Ticket Redirect
2026-08-30 22:32,ticket_redirect,meta,paid_social,promessi-spassi,52672431580800,Ticket Redirect
2026-08-30 22:32,ticket_redirect,meta,paid_social,promessi-spassi,52672431580800,Ticket Redirect
2026-08-30 22:35,ticket_redirect,meta,paid_social,promessi-spassi,52672431580800,Ticket Redirect
2026-08-31 00:01,ticket_redirect,meta,paid_social,promessi-spassi,52672431580800,Ticket Redirect
2026-08-31 00:01,ticket_redirect,meta,paid_social,promessi-spassi,52672431580800,Ticket Redirect
2026-08-31 00:03,ticket_redirect,meta,paid_social,promessi-spassi,52672431580800,Ticket Redirect
2026-08-31 00:14,ticket_redirect,meta,paid_social,promessi-spassi,52672431580800,Ticket Redirect
2026-08-31 00:14,ticket_redirect,meta,paid_social,promessi-spassi,52672431580800,Ticket Redirect
2026-08-31 00:15,ticket_redirect,meta,paid_social,promessi-spassi,52672431580800,Ticket Redirect
2026-08-31 00:56,ticket_redirect,meta,paid_social,promessi-spassi,52672431580800,Ticket Redirect
2026-08-31 01:12,ticket_redirect,meta,paid_social,promessi-spassi,52672431580800,Ticket Redirect
2026-08-31 02:20,ticket_redirect,meta,paid_social,promessi-spassi,52672431580800,Ticket Redirect
2026-08-31 05:59,ticket_redirect,meta,paid_social,promessi-spassi,52672431580800,Ticket Redirect
2026-08-31 06:48,ticket_redirect,meta,paid_social,promessi-spassi,52672431580800,Ticket Redirect
2026-08-31 06:58,ticket_redirect,meta,paid_social,promessi-spassi,52672431580800,Ticket Redirect
2026-08-31 07:57,ticket_redirect,meta,paid_social,promessi-spassi,52672431580800,Ticket Redirect
2026-08-31 08:06,ticket_redirect,meta,paid_social,promessi-spassi,52672431580800,Ticket Redirect
2026-08-31 08:18,ticket_redirect,meta,paid_social,promessi-spassi,52672431580800,Ticket Redirect
2026-08-31 08:31,ticket_redirect,meta,paid_social,promessi-spassi,52672431580800,Ticket Redirect
2026-08-31 08:50,ticket_redirect,meta,paid_social,promessi-spassi,52672431580800,Ticket Redirect
2026-08-31 09:02,ticket_redirect,meta,paid_social,promessi-spassi,52672431580800,Ticket Redirect
2026-08-31 09:18,ticket_click,test,verify,linktest,go-link-dim,https://inyourfacecomedy.ch/promessi-spassi/
2026-08-31 09:22,ticket_redirect,meta,paid_social,promessi-spassi,52672431580800,Ticket Redirect
2026-08-31 09:55,ticket_redirect,meta,paid_social,promessi-spassi,52672431580800,Ticket Redirect
2026-08-31 09:56,ticket_redirect,meta,paid_social,promessi-spassi,52672431580800,Ticket Redirect
2026-08-31 10:06,ticket_redirect,meta,paid_social,promessi-spassi,52672431580800,Ticket Redirect
2026-08-31 10:32,ticket_redirect,meta,paid_social,promessi-spassi,,Ticket Redirect
2026-08-31 10:44,ticket_redirect,meta,paid_social,promessi-spassi,52672431580800,Ticket Redirect
2026-08-31 10:45,ticket_redirect,meta,paid_social,promessi-spassi,52672431580800,Ticket Redirect
2026-08-31 10:50,ticket_click,test,verify,linktest,go-link-dim,https://inyourfacecomedy.ch/promessi-spassi/
2026-08-31 11:09,ticket_click,test,verify,linktest,go-link-dim,https://inyourfacecomedy.ch/promessi-spassi/
2026-08-31 12:26,ticket_redirect,meta,paid_social,promessi-spassi,52672431580800,Ticket Redirect
2026-08-31 12:54,ticket_redirect,meta,paid_social,promessi-spassi,52672431580800,Ticket Redirect
2026-08-31 13:05,ticket_redirect,meta,paid_social,promessi-spassi,52672431580800,Ticket Redirect
2026-08-31 13:06,ticket_redirect,meta,paid_social,promessi-spassi,52672431580800,Ticket Redirect
2026-08-31 13:46,ticket_redirect,meta,paid_social,promessi-spassi,52672431580800,Ticket Redirect
2026-08-31 15:43,ticket_redirect,meta,paid_social,promessi-spassi,52672431580800,Ticket Redirect
2026-08-31 16:28,ticket_redirect,meta,paid_social,promessi-spassi,52672431580800,Ticket Redirect
2026-08-31 16:45,ticket_redirect,meta,paid_social,promessi-spassi,52672431580800,Ticket Redirect
2026-08-31 17:54,ticket_redirect,meta,paid_social,promessi-spassi,52672431580800,Ticket Redirect
2026-08-31 18:33,ticket_redirect,meta,paid_social,promessi-spassi,52672431580800,Ticket Redirect
2026-08-31 19:29,ticket_redirect,meta,paid_social,promessi-spassi,52672431580800,Ticket Redirect
2026-08-31 19:49,ticket_redirect,meta,paid_social,promessi-spassi,52672431580800,Ticket Redirect
2026-08-31 20:16,ticket_redirect,meta,paid_social,promessi-spassi,52672431580800,Ticket Redirect
2026-08-31 20:27,ticket_redirect,meta,paid_social,promessi-spassi,52672431580800,Ticket Redirect
2026-08-31 20:36,ticket_redirect,meta,paid_social,promessi-spassi,52672431580800,Ticket Redirect
2026-08-31 20:46,ticket_redirect,meta,paid_social,promessi-spassi,52672431580800,Ticket Redirect
2026-08-31 20:47,ticket_redirect,meta,paid_social,promessi-spassi,52672431580800,Ticket Redirect
2026-08-31 21:11,ticket_redirect,meta,paid_social,promessi-spassi,,Ticket Redirect
2026-08-31 21:12,ticket_redirect,meta,paid_social,promessi-spassi,,Ticket Redirect
2026-08-31 21:24,ticket_redirect,meta,paid_social,promessi-spassi,52672431580800,Ticket Redirect
2026-08-31 21:27,ticket_redirect,meta,paid_social,promessi-spassi,52672614093400,Ticket Redirect
2026-08-31 21:28,ticket_redirect,meta,paid_social,promessi-spassi,52672614093400,Ticket Redirect
2026-08-31 21:28,ticket_redirect,meta,paid_social,promessi-spassi,52672614093400,Ticket Redirect
2026-08-31 21:29,ticket_redirect,meta,paid_social,promessi-spassi,52672614093400,Ticket Redirect
2026-08-31 21:29,ticket_redirect,meta,paid_social,promessi-spassi,52672614093400,Ticket Redirect
2026-08-31 21:33,ticket_redirect,meta,paid_social,promessi-spassi,52672614093400,Ticket Redirect
2026-08-31 21:34,ticket_redirect,meta,paid_social,promessi-spassi,52672614093400,Ticket Redirect
2026-08-31 21:44,ticket_redirect,meta,paid_social,promessi-spassi,52672614093400,Ticket Redirect
2026-08-31 21:48,ticket_redirect,meta,paid_social,promessi-spassi,52672614093400,Ticket Redirect
2026-08-31 21:49,ticket_redirect,meta,paid_social,promessi-spassi,52672614093400,Ticket Redirect
2026-08-31 21:55,ticket_redirect,meta,paid_social,promessi-spassi,52672614093400,Ticket Redirect
2026-08-31 21:59,ticket_redirect,meta,paid_social,promessi-spassi,52672614093400,Ticket Redirect
2026-08-31 22:13,ticket_redirect,meta,paid_social,promessi-spassi,52672614093400,Ticket Redirect
2026-08-31 22:14,ticket_redirect,meta,paid_social,promessi-spassi,52672614093400,Ticket Redirect
2026-08-31 22:16,ticket_redirect,meta,paid_social,promessi-spassi,52672614093400,Ticket Redirect
2026-08-31 23:29,ticket_redirect,meta,paid_social,promessi-spassi,52672614093400,Ticket Redirect
2026-08-31 23:34,ticket_redirect,meta,paid_social,promessi-spassi,52672614093400,Ticket Redirect
2026-09-01 00:04,ticket_redirect,meta,paid_social,promessi-spassi,52672614093400,Ticket Redirect
2026-09-01 00:06,ticket_redirect,meta,paid_social,promessi-spassi,52672614093400,Ticket Redirect
2026-09-01 00:11,ticket_redirect,meta,paid_social,promessi-spassi,52672614093400,Ticket Redirect
2026-09-01 00:15,ticket_redirect,meta,paid_social,promessi-spassi,52672614093400,Ticket Redirect
2026-09-01 00:15,ticket_redirect,meta,paid_social,promessi-spassi,52672614093400,Ticket Redirect
2026-09-01 00:26,ticket_redirect,meta,paid_social,promessi-spassi,52672614093400,Ticket Redirect
2026-09-01 00:36,ticket_redirect,meta,paid_social,promessi-spassi,52672614093400,Ticket Redirect
2026-09-01 00:39,ticket_redirect,meta,paid_social,promessi-spassi,52672614093400,Ticket Redirect
2026-09-01 00:39,ticket_redirect,meta,paid_social,promessi-spassi,52672614093400,Ticket Redirect
2026-09-01 00:39,ticket_redirect,meta,paid_social,promessi-spassi,52672614093400,Ticket Redirect
2026-09-01 00:39,ticket_redirect,meta,paid_social,promessi-spassi,52672614093400,Ticket Redirect
2026-09-01 00:48,ticket_redirect,meta,paid_social,promessi-spassi,52672614093400,Ticket Redirect
2026-09-01 00:53,ticket_redirect,meta,paid_social,promessi-spassi,52672614093400,Ticket Redirect
2026-09-01 01:19,ticket_redirect,meta,paid_social,promessi-spassi,52672614093400,Ticket Redirect
2026-09-01 01:54,ticket_redirect,meta,paid_social,promessi-spassi,52672614093400,Ticket Redirect
2026-09-01 03:42,ticket_redirect,meta,paid_social,promessi-spassi,52672614093400,Ticket Redirect
2026-09-01 04:09,ticket_redirect,meta,paid_social,promessi-spassi,52672614093400,Ticket Redirect
2026-09-01 05:50,ticket_redirect,meta,paid_social,promessi-spassi,52672614093400,Ticket Redirect
2026-09-01 06:41,ticket_redirect,meta,paid_social,promessi-spassi,52672614093400,Ticket Redirect
2026-09-01 06:41,ticket_redirect,meta,paid_social,promessi-spassi,52672614093400,Ticket Redirect
2026-09-01 06:41,ticket_redirect,meta,paid_social,promessi-spassi,52672614093400,Ticket Redirect
2026-09-01 06:57,ticket_redirect,meta,paid_social,promessi-spassi,52672614093400,Ticket Redirect
2026-09-01 07:23,ticket_redirect,meta,paid_social,promessi-spassi,52672614093400,Ticket Redirect
2026-09-01 07:25,ticket_redirect,meta,paid_social,promessi-spassi,52672614093400,Ticket Redirect
2026-09-01 07:28,ticket_redirect,meta,paid_social,promessi-spassi,52672614093400,Ticket Redirect
2026-09-01 07:44,ticket_redirect,meta,paid_social,promessi-spassi,52672614093400,Ticket Redirect
2026-09-01 07:54,ticket_redirect,meta,paid_social,promessi-spassi,52672614093400,Ticket Redirect
2026-09-01 08:42,ticket_redirect,meta,paid_social,promessi-spassi,52672614093400,Ticket Redirect
2026-09-01 08:46,ticket_redirect,meta,paid_social,promessi-spassi,52672614093400,Ticket Redirect
2026-09-01 09:28,ticket_redirect,meta,paid_social,promessi-spassi,52672614093400,Ticket Redirect
2026-09-01 09:56,ticket_redirect,instagram,social,promessi-spassi,,Ticket Redirect
2026-09-01 09:59,ticket_redirect,meta,paid_social,promessi-spassi,52672614093400,Ticket Redirect
2026-09-01 09:59,ticket_redirect,meta,paid_social,promessi-spassi,52672614093400,Ticket Redirect
2026-09-01 10:06,ticket_redirect,meta,paid_social,promessi-spassi,52672614093400,Ticket Redirect
2026-09-01 10:13,ticket_redirect,meta,paid_social,promessi-spassi,52672614093400,Ticket Redirect
2026-09-01 10:24,ticket_redirect,meta,paid_social,promessi-spassi,52672614093400,Ticket Redirect
2026-09-01 10:49,ticket_redirect,meta,paid_social,promessi-spassi,52672614093400,Ticket Redirect
2026-09-01 11:02,ticket_redirect,meta,paid_social,promessi-spassi,52672614093400,Ticket Redirect
2026-09-01 11:08,ticket_redirect,meta,paid_social,promessi-spassi,,Ticket Redirect
2026-09-01 11:08,ticket_redirect,meta,paid_social,promessi-spassi,,Ticket Redirect
2026-09-01 11:18,ticket_redirect,meta,paid_social,promessi-spassi,52672614093400,Ticket Redirect
2026-09-01 12:20,ticket_redirect,meta,paid_social,promessi-spassi,52672614093400,Ticket Redirect
2026-09-01 12:43,ticket_redirect,meta,paid_social,promessi-spassi,52672614093400,Ticket Redirect
2026-09-01 12:45,ticket_redirect,meta,paid_social,promessi-spassi,52672614093400,Ticket Redirect
2026-09-01 12:48,ticket_redirect,meta,paid_social,promessi-spassi,52672614093400,Ticket Redirect
2026-09-01 12:59,ticket_redirect,meta,paid_social,promessi-spassi,52672614093400,Ticket Redirect
2026-09-01 13:10,ticket_redirect,meta,paid_social,promessi-spassi,52672614093400,Ticket Redirect
2026-09-01 13:32,ticket_redirect,meta,paid_social,promessi-spassi,52672614093400,Ticket Redirect
2026-09-01 13:48,ticket_redirect,meta,paid_social,promessi-spassi,52672614093400,Ticket Redirect
2026-09-01 14:07,ticket_redirect,meta,paid_social,promessi-spassi,52672614093400,Ticket Redirect
2026-09-01 14:26,ticket_redirect,meta,paid_social,promessi-spassi,52672614093400,Ticket Redirect
2026-09-01 16:16,ticket_redirect,meta,paid_social,promessi-spassi,52672614093400,Ticket Redirect
2026-09-01 16:34,ticket_redirect,meta,paid_social,promessi-spassi,52672614093400,Ticket Redirect
2026-09-01 16:40,ticket_redirect,meta,paid_social,promessi-spassi,52672614093400,Ticket Redirect
2026-09-01 17:02,ticket_redirect,meta,paid_social,promessi-spassi,52672614093400,Ticket Redirect
2026-09-01 18:10,ticket_redirect,meta,paid_social,promessi-spassi,52672614093400,Ticket Redirect
2026-09-01 18:34,ticket_redirect,meta,paid_social,promessi-spassi,52672614093400,Ticket Redirect
2026-09-01 18:40,ticket_redirect,meta,paid_social,promessi-spassi,52672614093400,Ticket Redirect
2026-09-01 18:49,ticket_redirect,meta,paid_social,promessi-spassi,52672614093400,Ticket Redirect
2026-09-01 18:52,ticket_redirect,meta,paid_social,promessi-spassi,52672614093400,Ticket Redirect
2026-09-01 19:02,ticket_redirect,meta,paid_social,promessi-spassi,52672614093400,Ticket Redirect
2026-09-01 19:41,ticket_redirect,meta,paid_social,promessi-spassi,52672614093400,Ticket Redirect
2026-09-01 19:42,ticket_redirect,meta,paid_social,promessi-spassi,52672614093400,Ticket Redirect
2026-09-01 19:49,ticket_redirect,meta,paid_social,promessi-spassi,52672614093400,Ticket Redirect
2026-09-01 19:57,ticket_redirect,meta,paid_social,promessi-spassi,52672614093400,Ticket Redirect
2026-09-01 20:06,ticket_redirect,meta,paid_social,promessi-spassi,52672614093400,Ticket Redirect
2026-09-01 20:11,ticket_redirect,meta,paid_social,promessi-spassi,52672614093400,Ticket Redirect
2026-09-01 20:17,ticket_redirect,meta,paid_social,promessi-spassi,52672614093400,Ticket Redirect
2026-09-01 20:41,ticket_redirect,meta,paid_social,promessi-spassi,52672614093400,Ticket Redirect
2026-09-01 21:29,ticket_redirect,meta,paid_social,promessi-spassi,52672614093400,Ticket Redirect
2026-09-01 21:36,ticket_redirect,meta,paid_social,promessi-spassi,52672614093400,Ticket Redirect
2026-09-01 21:45,ticket_redirect,meta,paid_social,promessi-spassi,52672614093400,Ticket Redirect
2026-09-01 21:51,ticket_redirect,meta,paid_social,promessi-spassi,52672614093400,Ticket Redirect
2026-09-01 22:00,ticket_redirect,meta,paid_social,promessi-spassi,52672614093400,Ticket Redirect
2026-09-01 22:02,ticket_redirect,meta,paid_social,promessi-spassi,52672614093400,Ticket Redirect
2026-09-01 22:06,ticket_redirect,meta,paid_social,promessi-spassi,52672614093400,Ticket Redirect
2026-09-01 22:23,ticket_redirect,meta,paid_social,promessi-spassi,52672614093400,Ticket Redirect
2026-09-01 22:25,ticket_redirect,meta,paid_social,promessi-spassi,52672614093400,Ticket Redirect
2026-09-01 22:36,ticket_redirect,meta,paid_social,promessi-spassi,52672614093400,Ticket Redirect
2026-09-01 22:57,ticket_redirect,meta,paid_social,promessi-spassi,52672614093400,Ticket Redirect
2026-09-01 23:41,ticket_redirect,meta,paid_social,promessi-spassi,52672614093400,Ticket Redirect
2026-09-01 23:42,ticket_redirect,meta,paid_social,promessi-spassi,52672614093400,Ticket Redirect
2026-09-01 23:51,ticket_redirect,meta,paid_social,promessi-spassi,52672614093400,Ticket Redirect
2026-09-02 00:23,ticket_redirect,meta,paid_social,promessi-spassi,52672614093400,Ticket Redirect
2026-09-02 00:29,ticket_redirect,meta,paid_social,promessi-spassi,52672614093400,Ticket Redirect
2026-09-02 01:10,ticket_redirect,meta,paid_social,promessi-spassi,52672614093400,Ticket Redirect
2026-09-02 05:09,ticket_redirect,meta,paid_social,promessi-spassi,52672614093400,Ticket Redirect
2026-09-02 05:09,ticket_redirect,meta,paid_social,promessi-spassi,52672614093400,Ticket Redirect
2026-09-02 06:31,ticket_redirect,meta,paid_social,promessi-spassi,52672614093400,Ticket Redirect
2026-09-02 06:37,ticket_redirect,meta,paid_social,promessi-spassi,52672614093400,Ticket Redirect
2026-09-02 06:46,ticket_redirect,meta,paid_social,promessi-spassi,52672614093400,Ticket Redirect
2026-09-02 07:03,ticket_redirect,meta,paid_social,promessi-spassi,52672614093400,Ticket Redirect
2026-09-02 07:05,ticket_redirect,meta,paid_social,promessi-spassi,52672614093400,Ticket Redirect
2026-09-02 07:35,ticket_redirect,meta,paid_social,promessi-spassi,52672614093400,Ticket Redirect
2026-09-02 07:48,ticket_redirect,meta,paid_social,promessi-spassi,52672614093400,Ticket Redirect
2026-09-02 08:16,ticket_redirect,meta,paid_social,promessi-spassi,52672614093400,Ticket Redirect
2026-09-02 08:18,ticket_redirect,meta,paid_social,promessi-spassi,52672614093400,Ticket Redirect
2026-09-02 08:27,ticket_redirect,meta,paid_social,promessi-spassi,52672614093400,Ticket Redirect
2026-09-02 09:18,ticket_redirect,meta,paid_social,promessi-spassi,52672614093400,Ticket Redirect
2026-09-02 09:18,ticket_redirect,meta,paid_social,promessi-spassi,52672614093400,Ticket Redirect
2026-09-02 10:15,ticket_redirect,meta,paid_social,promessi-spassi,52672614093400,Ticket Redirect
2026-09-02 10:37,ticket_redirect,meta,paid_social,promessi-spassi,52672614093400,Ticket Redirect
2026-09-02 11:03,ticket_redirect,meta,paid_social,promessi-spassi,52672614093400,Ticket Redirect
2026-09-02 11:19,ticket_redirect,meta,paid_social,promessi-spassi,52672614093400,Ticket Redirect
2026-09-02 11:44,ticket_redirect,meta,paid_social,promessi-spassi,52672614093400,Ticket Redirect
2026-09-02 12:04,ticket_redirect,meta,paid_social,promessi-spassi,52672614093400,Ticket Redirect
2026-09-02 12:14,ticket_redirect,meta,paid_social,promessi-spassi,52672614093400,Ticket Redirect
2026-09-02 12:37,ticket_redirect,meta,paid_social,promessi-spassi,52672614093400,Ticket Redirect
2026-09-02 13:33,ticket_redirect,meta,paid_social,promessi-spassi,52672614093400,Ticket Redirect
2026-09-02 13:42,ticket_redirect,meta,paid_social,promessi-spassi,52672614093400,Ticket Redirect
2026-09-02 13:44,ticket_redirect,meta,paid_social,promessi-spassi,52672614093400,Ticket Redirect
2026-09-02 13:55,ticket_redirect,meta,paid_social,promessi-spassi,52672614093400,Ticket Redirect
2026-09-02 14:01,ticket_redirect,meta,paid_social,promessi-spassi,52672614093400,Ticket Redirect
2026-09-02 14:08,ticket_redirect,meta,paid_social,promessi-spassi,52672614093400,Ticket Redirect
2026-09-02 14:24,ticket_redirect,meta,paid_social,promessi-spassi,52672614093400,Ticket Redirect
2026-09-02 14:35,ticket_redirect,meta,paid_social,promessi-spassi,52672614093400,Ticket Redirect
2026-09-02 14:49,ticket_redirect,meta,paid_social,promessi-spassi,52672614093400,Ticket Redirect
2026-09-02 15:02,ticket_redirect,meta,paid_social,promessi-spassi,52672614093400,Ticket Redirect
2026-09-02 15:14,ticket_redirect,meta,paid_social,promessi-spassi,52672614093400,Ticket Redirect
2026-09-02 15:55,ticket_redirect,meta,paid_social,promessi-spassi,52672614093400,Ticket Redirect
2026-09-02 15:57,ticket_redirect,meta,paid_social,promessi-spassi,52672614093400,Ticket Redirect
2026-09-02 16:04,ticket_redirect,meta,paid_social,promessi-spassi,52672614093400,Ticket Redirect
2026-09-02 16:09,ticket_redirect,meta,paid_social,promessi-spassi,52672614093400,Ticket Redirect
2026-09-02 16:54,ticket_redirect,meta,paid_social,promessi-spassi,52672614093400,Ticket Redirect
2026-09-02 17:11,ticket_redirect,meta,paid_social,promessi-spassi,52672614093400,Ticket Redirect
2026-09-02 17:21,ticket_redirect,meta,paid_social,promessi-spassi,52672614093400,Ticket Redirect
2026-09-02 17:25,ticket_redirect,meta,paid_social,promessi-spassi,52672614093400,Ticket Redirect
2026-09-02 17:37,ticket_redirect,meta,paid_social,promessi-spassi,52672614093400,Ticket Redirect
2026-09-02 17:48,ticket_redirect,meta,paid_social,promessi-spassi,52672614093400,Ticket Redirect
2026-09-02 19:38,ticket_redirect,meta,paid_social,promessi-spassi,52672614093400,Ticket Redirect
2026-09-02 20:02,ticket_redirect,meta,paid_social,promessi-spassi,52672614093400,Ticket Redirect
2026-09-02 20:06,ticket_redirect,meta,paid_social,promessi-spassi,52672614093400,Ticket Redirect
2026-09-02 20:17,ticket_redirect,meta,paid_social,promessi-spassi,52672614093400,Ticket Redirect
2026-09-02 20:19,ticket_redirect,meta,paid_social,promessi-spassi,52672614093400,Ticket Redirect
2026-09-02 20:23,ticket_redirect,meta,paid_social,promessi-spassi,52672614093400,Ticket Redirect
2026-09-02 20:55,ticket_redirect,meta,paid_social,promessi-spassi,52672614093400,Ticket Redirect
2026-09-02 21:02,ticket_redirect,meta,paid_social,promessi-spassi,52672614093400,Ticket Redirect
2026-09-02 21:06,ticket_redirect,meta,paid_social,promessi-spassi,52672614093400,Ticket Redirect
2026-09-02 21:10,ticket_redirect,meta,paid_social,promessi-spassi,52672614093400,Ticket Redirect
2026-09-02 21:12,ticket_redirect,meta,paid_social,promessi-spassi,52672614093400,Ticket Redirect
2026-09-02 21:16,ticket_redirect,meta,paid_social,promessi-spassi,52672614093400,Ticket Redirect
2026-09-02 21:34,ticket_redirect,meta,paid_social,promessi-spassi,52672614093400,Ticket Redirect
2026-09-02 21:39,ticket_redirect,meta,paid_social,promessi-spassi,52672614093400,Ticket Redirect
2026-09-02 21:53,ticket_redirect,meta,paid_social,promessi-spassi,52672614093400,Ticket Redirect
2026-09-02 22:07,ticket_redirect,meta,paid_social,promessi-spassi,52672614093400,Ticket Redirect
2026-09-02 23:02,ticket_redirect,meta,paid_social,promessi-spassi,52672614093400,Ticket Redirect
2026-09-02 23:29,ticket_redirect,meta,paid_social,promessi-spassi,,Ticket Redirect
2026-09-02 23:31,ticket_redirect,meta,paid_social,promessi-spassi,52672614093400,Ticket Redirect
2026-09-02 23:38,ticket_redirect,meta,paid_social,promessi-spassi,52672614093400,Ticket Redirect
2026-09-02 23:44,ticket_redirect,meta,paid_social,promessi-spassi,52672614093400,Ticket Redirect
2026-09-02 23:48,ticket_redirect,meta,paid_social,promessi-spassi,52672614093400,Ticket Redirect
2026-09-02 23:50,ticket_redirect,meta,paid_social,promessi-spassi,52672614093400,Ticket Redirect
2026-09-03 00:00,ticket_redirect,meta,paid_social,promessi-spassi,52672614093400,Ticket Redirect
2026-09-03 00:00,ticket_redirect,meta,paid_social,promessi-spassi,52672614093400,Ticket Redirect
2026-09-03 00:08,ticket_redirect,meta,paid_social,promessi-spassi,52672614093400,Ticket Redirect
2026-09-03 00:22,ticket_redirect,meta,paid_social,promessi-spassi,52672614093400,Ticket Redirect
2026-09-03 00:30,ticket_redirect,meta,paid_social,promessi-spassi,52672614093400,Ticket Redirect
2026-09-03 00:48,ticket_redirect,meta,paid_social,promessi-spassi,52672614093400,Ticket Redirect
2026-09-03 01:03,ticket_redirect,meta,paid_social,promessi-spassi,52672614093400,Ticket Redirect
2026-09-03 01:08,ticket_redirect,meta,paid_social,promessi-spassi,52672614093400,Ticket Redirect
2026-09-03 01:17,ticket_redirect,meta,paid_social,promessi-spassi,52672614093400,Ticket Redirect
2026-09-03 01:31,ticket_redirect,meta,paid_social,promessi-spassi,52672614093400,Ticket Redirect
2026-09-03 02:00,ticket_redirect,meta,paid_social,promessi-spassi,52672614093400,Ticket Redirect
2026-09-03 05:33,ticket_redirect,meta,paid_social,promessi-spassi,52672614093400,Ticket Redirect
2026-09-03 05:48,ticket_redirect,meta,paid_social,promessi-spassi,52672614093400,Ticket Redirect
2026-09-03 05:57,ticket_redirect,meta,paid_social,promessi-spassi,52672614093400,Ticket Redirect
2026-09-03 06:11,ticket_redirect,meta,paid_social,promessi-spassi,52672614093400,Ticket Redirect
2026-09-03 06:43,ticket_redirect,meta,paid_social,promessi-spassi,52672614093400,Ticket Redirect
2026-09-03 06:43,ticket_redirect,meta,paid_social,promessi-spassi,52672614093400,Ticket Redirect
2026-09-03 07:28,ticket_redirect,meta,paid_social,promessi-spassi,52672614093400,Ticket Redirect
2026-09-03 07:31,ticket_redirect,meta,paid_social,promessi-spassi,52672614093400,Ticket Redirect
2026-09-03 07:36,ticket_redirect,meta,paid_social,promessi-spassi,52672614093400,Ticket Redirect
2026-09-03 07:58,ticket_redirect,meta,paid_social,promessi-spassi,52672614093400,Ticket Redirect
2026-09-03 08:01,ticket_redirect,meta,paid_social,promessi-spassi,52672614093400,Ticket Redirect
2026-09-03 08:10,ticket_redirect,meta,paid_social,promessi-spassi,52672614093400,Ticket Redirect
2026-09-03 08:37,ticket_redirect,meta,paid_social,promessi-spassi,52672614093400,Ticket Redirect
2026-09-03 08:39,ticket_redirect,meta,paid_social,promessi-spassi,52672614093400,Ticket Redirect
2026-09-03 08:44,ticket_redirect,meta,paid_social,promessi-spassi,52672614093400,Ticket Redirect
2026-09-03 08:58,ticket_redirect,meta,paid_social,promessi-spassi,52672614093400,Ticket Redirect
2026-09-03 08:59,ticket_redirect,meta,paid_social,promessi-spassi,52672614093400,Ticket Redirect
2026-09-03 09:08,ticket_redirect,meta,paid_social,promessi-spassi,52672614093400,Ticket Redirect
2026-09-03 09:51,ticket_redirect,meta,paid_social,promessi-spassi,52672614093400,Ticket Redirect
2026-09-03 09:58,ticket_redirect,meta,paid_social,promessi-spassi,52672614093400,Ticket Redirect
2026-09-03 10:15,ticket_redirect,meta,paid_social,promessi-spassi,52672614093400,Ticket Redirect
2026-09-03 10:29,ticket_redirect,meta,paid_social,promessi-spassi,52672614093400,Ticket Redirect
2026-09-03 10:35,ticket_redirect,meta,paid_social,promessi-spassi,52672614093400,Ticket Redirect
2026-09-03 10:49,ticket_redirect,meta,paid_social,promessi-spassi,52672614093400,Ticket Redirect
2026-09-03 10:49,ticket_redirect,meta,paid_social,promessi-spassi,52672614093400,Ticket Redirect
2026-09-03 11:04,ticket_redirect,meta,paid_social,promessi-spassi,52672614093400,Ticket Redirect
2026-09-03 11:29,ticket_redirect,meta,paid_social,promessi-spassi,52672614093400,Ticket Redirect
2026-09-03 11:30,ticket_redirect,meta,paid_social,promessi-spassi,52672614093400,Ticket Redirect
2026-09-03 11:42,ticket_redirect,meta,paid_social,promessi-spassi,52672614093400,Ticket Redirect
2026-09-03 12:10,ticket_redirect,meta,paid_social,promessi-spassi,52672614093400,Ticket Redirect
2026-09-03 12:25,ticket_redirect,meta,paid_social,promessi-spassi,52672614093400,Ticket Redirect
2026-09-03 12:28,ticket_redirect,meta,paid_social,promessi-spassi,52672614093400,Ticket Redirect
2026-09-03 12:28,ticket_redirect,meta,paid_social,promessi-spassi,52672614093400,Ticket Redirect
2026-09-03 13:10,ticket_redirect,meta,paid_social,promessi-spassi,52672614093400,Ticket Redirect
2026-09-03 13:17,ticket_redirect,meta,paid_social,promessi-spassi,52672614093400,Ticket Redirect
2026-09-03 14:06,ticket_redirect,meta,paid_social,promessi-spassi,52672614093400,Ticket Redirect
2026-09-03 14:34,ticket_redirect,meta,paid_social,promessi-spassi,52672614093400,Ticket Redirect
2026-09-03 15:10,ticket_redirect,meta,paid_social,promessi-spassi,52672614093400,Ticket Redirect
2026-09-03 15:18,ticket_redirect,meta,paid_social,promessi-spassi,52672614093400,Ticket Redirect
2026-09-03 15:29,ticket_redirect,meta,paid_social,promessi-spassi,52672614093400,Ticket Redirect
2026-09-03 15:29,ticket_redirect,meta,paid_social,promessi-spassi,52672614093400,Ticket Redirect
2026-09-03 15:34,ticket_redirect,meta,paid_social,promessi-spassi,52672614093400,Ticket Redirect
2026-09-03 15:35,ticket_redirect,meta,paid_social,promessi-spassi,52672614093400,Ticket Redirect
2026-09-03 15:44,ticket_redirect,meta,paid_social,promessi-spassi,52672614093400,Ticket Redirect
2026-09-03 15:47,ticket_redirect,meta,paid_social,promessi-spassi,52672614093400,Ticket Redirect
2026-09-03 16:03,ticket_redirect,meta,paid_social,promessi-spassi,52672614093400,Ticket Redirect
2026-09-03 16:11,ticket_redirect,meta,paid_social,promessi-spassi,52672614093400,Ticket Redirect
2026-09-03 16:15,ticket_redirect,meta,paid_social,promessi-spassi,52672614093400,Ticket Redirect
2026-09-03 16:15,ticket_redirect,meta,paid_social,promessi-spassi,52672614093400,Ticket Redirect
2026-09-03 16:16,ticket_redirect,meta,paid_social,promessi-spassi,52672614093400,Ticket Redirect
2026-09-03 16:31,ticket_redirect,meta,paid_social,promessi-spassi,52672614093400,Ticket Redirect
2026-09-03 16:41,ticket_redirect,meta,paid_social,promessi-spassi,52672614093400,Ticket Redirect
2026-09-03 16:43,ticket_redirect,meta,paid_social,promessi-spassi,52672614093400,Ticket Redirect
2026-09-03 16:43,ticket_redirect,meta,paid_social,promessi-spassi,52672614093400,Ticket Redirect
2026-09-03 16:44,ticket_redirect,meta,paid_social,promessi-spassi,52672614093400,Ticket Redirect
2026-09-03 17:10,ticket_redirect,meta,paid_social,promessi-spassi,52672614093400,Ticket Redirect
2026-09-03 17:20,ticket_redirect,meta,paid_social,promessi-spassi,52672614093400,Ticket Redirect
2026-09-03 17:23,ticket_redirect,meta,paid_social,promessi-spassi,52672614093400,Ticket Redirect
2026-09-03 17:47,ticket_redirect,meta,paid_social,promessi-spassi,52672614093400,Ticket Redirect
2026-09-03 17:50,ticket_redirect,meta,paid_social,promessi-spassi,52672614093400,Ticket Redirect
2026-09-03 17:53,ticket_redirect,meta,paid_social,promessi-spassi,52672614093400,Ticket Redirect
2026-09-03 18:00,ticket_redirect,meta,paid_social,promessi-spassi,52672614093400,Ticket Redirect
2026-09-03 18:06,ticket_redirect,meta,paid_social,promessi-spassi,52672614093400,Ticket Redirect
2026-09-03 18:08,ticket_redirect,meta,paid_social,promessi-spassi,52672614093400,Ticket Redirect
2026-09-03 18:09,ticket_redirect,meta,paid_social,promessi-spassi,52672614093400,Ticket Redirect
2026-09-03 18:16,ticket_redirect,meta,paid_social,promessi-spassi,52672614093400,Ticket Redirect
2026-09-03 18:28,ticket_redirect,meta,paid_social,promessi-spassi,52672614093400,Ticket Redirect
2026-09-03 18:45,ticket_redirect,meta,paid_social,promessi-spassi,52672614093400,Ticket Redirect
2026-09-03 19:12,ticket_redirect,meta,paid_social,promessi-spassi,52672614093400,Ticket Redirect
2026-09-03 19:14,ticket_redirect,meta,paid_social,promessi-spassi,52672614093400,Ticket Redirect
2026-09-03 19:42,ticket_redirect,meta,paid_social,promessi-spassi,52672614093400,Ticket Redirect
2026-09-03 19:42,ticket_redirect,meta,paid_social,promessi-spassi,52672614093400,Ticket Redirect
2026-09-03 20:23,ticket_redirect,meta,paid_social,promessi-spassi,52672614093400,Ticket Redirect
2026-09-03 20:26,ticket_redirect,meta,paid_social,promessi-spassi,52672614093400,Ticket Redirect
2026-09-03 20:32,ticket_redirect,meta,paid_social,promessi-spassi,52672614093400,Ticket Redirect
2026-09-03 21:05,ticket_redirect,meta,paid_social,promessi-spassi,52672614093400,Ticket Redirect
2026-09-03 21:07,ticket_redirect,meta,paid_social,promessi-spassi,52672614093400,Ticket Redirect
2026-09-03 21:19,ticket_redirect,meta,paid_social,promessi-spassi,52672614093400,Ticket Redirect
2026-09-03 21:21,ticket_redirect,meta,paid_social,promessi-spassi,52672614093400,Ticket Redirect
2026-09-03 21:36,ticket_redirect,meta,paid_social,promessi-spassi,52672614093400,Ticket Redirect
2026-09-03 21:41,ticket_redirect,meta,paid_social,promessi-spassi,52672614093400,Ticket Redirect
2026-09-03 22:08,ticket_redirect,meta,paid_social,promessi-spassi,52672614093400,Ticket Redirect
2026-09-03 22:09,ticket_redirect,meta,paid_social,promessi-spassi,52672614093400,Ticket Redirect
2026-09-03 22:15,ticket_redirect,meta,paid_social,promessi-spassi,52672614093400,Ticket Redirect
2026-09-03 22:32,ticket_redirect,meta,paid_social,promessi-spassi,52672614093400,Ticket Redirect
2026-09-03 22:34,ticket_redirect,meta,paid_social,promessi-spassi,52672614093400,Ticket Redirect
2026-09-03 22:35,ticket_redirect,meta,paid_social,promessi-spassi,52672614093400,Ticket Redirect
2026-09-03 22:36,ticket_redirect,meta,paid_social,promessi-spassi,52672614093400,Ticket Redirect
2026-09-03 22:38,ticket_redirect,meta,paid_social,promessi-spassi,52672614093400,Ticket Redirect
2026-09-03 22:46,ticket_redirect,meta,paid_social,promessi-spassi,52672614093400,Ticket Redirect
2026-09-03 22:49,ticket_redirect,meta,paid_social,promessi-spassi,52672614093400,Ticket Redirect
2026-09-03 22:51,ticket_redirect,meta,paid_social,promessi-spassi,52672614093400,Ticket Redirect
2026-09-03 22:52,ticket_redirect,meta,paid_social,promessi-spassi,52672614093400,Ticket Redirect
2026-09-03 22:54,ticket_redirect,meta,paid_social,promessi-spassi,52672614093400,Ticket Redirect
2026-09-03 22:54,ticket_redirect,meta,paid_social,promessi-spassi,52672614093400,Ticket Redirect
2026-09-03 22:59,ticket_redirect,meta,paid_social,promessi-spassi,52672614093400,Ticket Redirect
2026-09-03 23:16,ticket_redirect,meta,paid_social,promessi-spassi,52672614093400,Ticket Redirect
2026-09-03 23:22,ticket_redirect,meta,paid_social,promessi-spassi,52672614093400,Ticket Redirect
2026-09-03 23:23,ticket_redirect,meta,paid_social,promessi-spassi,52672614093400,Ticket Redirect
2026-09-03 23:24,ticket_redirect,meta,paid_social,promessi-spassi,52672614093400,Ticket Redirect
2026-09-03 23:31,ticket_redirect,meta,paid_social,promessi-spassi,52672614093400,Ticket Redirect
2026-09-03 23:32,ticket_redirect,meta,paid_social,promessi-spassi,52672614093400,Ticket Redirect
2026-09-03 23:34,ticket_redirect,meta,paid_social,promessi-spassi,52672614093400,Ticket Redirect
2026-09-04 00:26,ticket_redirect,meta,paid_social,promessi-spassi,52672614093400,Ticket Redirect
2026-09-04 01:00,ticket_redirect,meta,paid_social,promessi-spassi,52672614093400,Ticket Redirect
2026-09-04 02:30,ticket_redirect,meta,paid_social,promessi-spassi,52672614093400,Ticket Redirect
2026-09-04 02:56,ticket_redirect,meta,paid_social,promessi-spassi,52672614093400,Ticket Redirect
2026-09-04 03:50,ticket_redirect,meta,paid_social,promessi-spassi,52672614093400,Ticket Redirect
2026-09-04 05:16,ticket_redirect,meta,paid_social,promessi-spassi,52672614093400,Ticket Redirect
2026-09-04 05:46,ticket_redirect,meta,paid_social,promessi-spassi,52672614093400,Ticket Redirect
2026-09-04 06:56,ticket_redirect,meta,paid_social,promessi-spassi,52672614093400,Ticket Redirect
2026-09-04 06:59,ticket_redirect,meta,paid_social,promessi-spassi,52672614093400,Ticket Redirect
2026-09-04 07:00,ticket_redirect,meta,paid_social,promessi-spassi,52672614093400,Ticket Redirect
2026-09-04 07:10,ticket_redirect,meta,paid_social,promessi-spassi,52672614093400,Ticket Redirect
2026-09-04 07:28,ticket_redirect,meta,paid_social,promessi-spassi,52672614093400,Ticket Redirect
2026-09-04 08:02,ticket_redirect,meta,paid_social,promessi-spassi,52672614093400,Ticket Redirect
2026-09-04 08:04,ticket_redirect,meta,paid_social,promessi-spassi,52672614093400,Ticket Redirect
2026-09-04 08:07,ticket_redirect,meta,paid_social,promessi-spassi,52672614093400,Ticket Redirect
2026-09-04 08:11,ticket_redirect,meta,paid_social,promessi-spassi,52672614093400,Ticket Redirect
2026-09-04 08:11,ticket_redirect,meta,paid_social,promessi-spassi,52672614093400,Ticket Redirect
2026-09-04 08:14,ticket_redirect,meta,paid_social,promessi-spassi,52672614093400,Ticket Redirect
2026-09-04 08:15,ticket_redirect,meta,paid_social,promessi-spassi,52672614093400,Ticket Redirect
2026-09-04 08:22,ticket_redirect,meta,paid_social,promessi-spassi,52672614093400,Ticket Redirect
2026-09-04 08:32,ticket_redirect,meta,paid_social,promessi-spassi,52672614093400,Ticket Redirect
2026-09-04 08:56,ticket_redirect,meta,paid_social,promessi-spassi,52672614093400,Ticket Redirect
2026-09-04 09:05,ticket_redirect,meta,paid_social,promessi-spassi,52672614093400,Ticket Redirect
2026-09-04 09:14,ticket_redirect,meta,paid_social,promessi-spassi,52672614093400,Ticket Redirect
2026-09-04 09:17,ticket_redirect,meta,paid_social,promessi-spassi,52672614093400,Ticket Redirect
2026-09-04 09:27,ticket_redirect,meta,paid_social,promessi-spassi,52672614093400,Ticket Redirect
2026-09-04 09:36,ticket_redirect,meta,paid_social,promessi-spassi,52672614093400,Ticket Redirect
2026-09-04 09:52,ticket_redirect,meta,paid_social,promessi-spassi,52672614093400,Ticket Redirect
2026-09-04 10:09,ticket_redirect,meta,paid_social,promessi-spassi,52672614093400,Ticket Redirect
2026-09-04 10:30,ticket_redirect,meta,paid_social,promessi-spassi,52672614093400,Ticket Redirect
2026-09-04 10:30,ticket_redirect,meta,paid_social,promessi-spassi,52672614093400,Ticket Redirect
2026-09-04 10:33,ticket_redirect,meta,paid_social,promessi-spassi,52672614093400,Ticket Redirect
2026-09-04 10:33,ticket_redirect,meta,paid_social,promessi-spassi,52672614093400,Ticket Redirect
2026-09-04 10:37,ticket_redirect,meta,paid_social,promessi-spassi,52672614093400,Ticket Redirect
2026-09-04 10:47,ticket_redirect,meta,paid_social,promessi-spassi,52672614093400,Ticket Redirect
2026-09-04 10:49,ticket_redirect,meta,paid_social,promessi-spassi,52672614093400,Ticket Redirect
2026-09-04 10:55,ticket_redirect,meta,paid_social,promessi-spassi,52672614093400,Ticket Redirect
2026-09-04 10:58,ticket_redirect,meta,paid_social,promessi-spassi,52672614093400,Ticket Redirect
2026-09-04 11:11,ticket_redirect,meta,paid_social,promessi-spassi,52672614093400,Ticket Redirect
2026-09-04 11:21,ticket_redirect,meta,paid_social,promessi-spassi,52672614093400,Ticket Redirect
2026-09-04 11:30,ticket_redirect,meta,paid_social,promessi-spassi,52672614093400,Ticket Redirect
2026-09-04 11:55,ticket_redirect,meta,paid_social,promessi-spassi,52672614093400,Ticket Redirect
2026-09-04 12:01,ticket_redirect,meta,paid_social,promessi-spassi,52672614093400,Ticket Redirect
2026-09-04 12:11,ticket_redirect,meta,paid_social,promessi-spassi,52672614093400,Ticket Redirect
2026-09-04 12:16,ticket_redirect,meta,paid_social,promessi-spassi,52672614093400,Ticket Redirect
2026-09-04 12:43,ticket_redirect,meta,paid_social,promessi-spassi,52672614093400,Ticket Redirect
2026-09-04 12:49,ticket_redirect,meta,paid_social,promessi-spassi,52672614093400,Ticket Redirect
2026-09-04 13:00,ticket_redirect,meta,paid_social,promessi-spassi,52672614093400,Ticket Redirect
2026-09-04 13:16,ticket_redirect,meta,paid_social,promessi-spassi,52672614093400,Ticket Redirect
2026-09-04 13:18,ticket_redirect,meta,paid_social,promessi-spassi,52672614093400,Ticket Redirect
2026-09-04 13:24,ticket_redirect,meta,paid_social,promessi-spassi,52672614093400,Ticket Redirect
2026-09-04 13:46,ticket_redirect,meta,paid_social,promessi-spassi,52672614093400,Ticket Redirect
2026-09-04 13:49,ticket_redirect,meta,paid_social,promessi-spassi,52672614093400,Ticket Redirect
2026-09-04 14:01,ticket_redirect,meta,paid_social,promessi-spassi,52672614093400,Ticket Redirect
2026-09-04 14:12,ticket_redirect,meta,paid_social,promessi-spassi,52672614093400,Ticket Redirect
2026-09-04 14:32,ticket_redirect,meta,paid_social,promessi-spassi,52672614093400,Ticket Redirect
2026-09-04 15:29,ticket_redirect,meta,paid_social,promessi-spassi,52672614093400,Ticket Redirect
2026-09-04 15:36,ticket_redirect,meta,paid_social,promessi-spassi,52672614093400,Ticket Redirect
2026-09-04 16:05,ticket_redirect,meta,paid_social,promessi-spassi,52672614093400,Ticket Redirect
2026-09-04 16:10,ticket_redirect,meta,paid_social,promessi-spassi,52672614093400,Ticket Redirect
2026-09-04 16:25,ticket_redirect,meta,paid_social,promessi-spassi,52672614093400,Ticket Redirect
2026-09-04 16:46,ticket_redirect,meta,paid_social,promessi-spassi,52672614093400,Ticket Redirect
2026-09-04 16:47,ticket_redirect,meta,paid_social,promessi-spassi,52672614093400,Ticket Redirect
2026-09-04 17:00,ticket_redirect,meta,paid_social,promessi-spassi,52672614093400,Ticket Redirect
2026-09-04 17:06,ticket_redirect,meta,paid_social,promessi-spassi,52672614093400,Ticket Redirect
2026-09-04 17:20,ticket_redirect,meta,paid_social,promessi-spassi,52672614093400,Ticket Redirect
2026-09-04 17:23,ticket_redirect,meta,paid_social,promessi-spassi,52672614093400,Ticket Redirect
2026-09-04 17:25,ticket_redirect,meta,paid_social,promessi-spassi,52672614093400,Ticket Redirect
2026-09-04 17:41,ticket_redirect,meta,paid_social,promessi-spassi,52672614093400,Ticket Redirect
2026-09-04 17:42,ticket_redirect,meta,paid_social,promessi-spassi,52672614093400,Ticket Redirect
2026-09-04 17:44,ticket_redirect,meta,paid_social,promessi-spassi,52672614093400,Ticket Redirect
2026-09-04 17:47,ticket_redirect,meta,paid_social,promessi-spassi,52672614093400,Ticket Redirect
2026-09-04 17:52,ticket_redirect,meta,paid_social,promessi-spassi,52672614093400,Ticket Redirect
2026-09-04 18:12,ticket_redirect,meta,paid_social,promessi-spassi,52672614093400,Ticket Redirect
2026-09-04 18:17,ticket_redirect,meta,paid_social,promessi-spassi,52672614093400,Ticket Redirect
2026-09-04 18:34,ticket_redirect,meta,paid_social,promessi-spassi,52672614093400,Ticket Redirect
2026-09-04 19:35,ticket_redirect,meta,paid_social,promessi-spassi,52672614093400,Ticket Redirect
2026-09-04 19:52,ticket_redirect,meta,paid_social,promessi-spassi,52672614093400,Ticket Redirect
2026-09-04 19:54,ticket_redirect,meta,paid_social,promessi-spassi,52672614093400,Ticket Redirect
2026-09-04 20:32,ticket_redirect,meta,paid_social,promessi-spassi,52672614093400,Ticket Redirect
2026-09-04 20:32,ticket_redirect,meta,paid_social,promessi-spassi,52672614093400,Ticket Redirect
2026-09-04 20:39,ticket_redirect,meta,paid_social,promessi-spassi,52672614093400,Ticket Redirect
2026-09-04 20:43,ticket_redirect,meta,paid_social,promessi-spassi,52672614093400,Ticket Redirect
2026-09-04 20:45,ticket_redirect,meta,paid_social,promessi-spassi,52672614093400,Ticket Redirect
2026-09-04 20:45,ticket_redirect,meta,paid_social,promessi-spassi,52672614093400,Ticket Redirect
2026-09-04 20:56,ticket_redirect,meta,paid_social,promessi-spassi,52672614093400,Ticket Redirect
2026-09-04 20:59,ticket_redirect,meta,paid_social,promessi-spassi,52672614093400,Ticket Redirect
2026-09-04 21:08,ticket_redirect,meta,paid_social,promessi-spassi,52672614093400,Ticket Redirect
2026-09-04 21:10,ticket_redirect,meta,paid_social,promessi-spassi,52672614093400,Ticket Redirect
2026-09-04 21:24,ticket_redirect,meta,paid_social,promessi-spassi,52672614093400,Ticket Redirect
2026-09-04 21:27,ticket_redirect,meta,paid_social,promessi-spassi,52672614093400,Ticket Redirect
2026-09-04 21:51,ticket_redirect,meta,paid_social,promessi-spassi,52672614093400,Ticket Redirect
2026-09-04 22:05,ticket_redirect,meta,paid_social,promessi-spassi,52672614093400,Ticket Redirect
2026-09-04 22:23,ticket_redirect,meta,paid_social,promessi-spassi,52672614093400,Ticket Redirect
2026-09-04 22:41,ticket_redirect,meta,paid_social,promessi-spassi,52672614093400,Ticket Redirect
2026-09-04 22:52,ticket_redirect,meta,paid_social,promessi-spassi,52672614093400,Ticket Redirect
2026-09-04 23:05,ticket_redirect,meta,paid_social,promessi-spassi,52672614093400,Ticket Redirect
2026-09-04 23:13,ticket_redirect,meta,paid_social,promessi-spassi,52672614093400,Ticket Redirect
2026-09-04 23:22,ticket_redirect,meta,paid_social,promessi-spassi,52672614093400,Ticket Redirect
2026-09-04 23:52,ticket_redirect,meta,paid_social,promessi-spassi,52672614093400,Ticket Redirect
2026-09-04 23:57,ticket_redirect,meta,paid_social,promessi-spassi,52672614093400,Ticket Redirect
2026-09-05 00:18,ticket_redirect,meta,paid_social,promessi-spassi,52672614093400,Ticket Redirect
2026-09-05 00:23,ticket_redirect,meta,paid_social,promessi-spassi,52672614093400,Ticket Redirect
2026-09-05 00:25,ticket_redirect,meta,paid_social,promessi-spassi,52672614093400,Ticket Redirect
2026-09-05 00:26,ticket_redirect,meta,paid_social,promessi-spassi,52672614093400,Ticket Redirect
2026-09-05 00:27,ticket_redirect,meta,paid_social,promessi-spassi,52672614093400,Ticket Redirect
2026-09-05 00:31,ticket_redirect,meta,paid_social,promessi-spassi,52672614093400,Ticket Redirect
2026-09-05 01:18,ticket_redirect,meta,paid_social,promessi-spassi,52672614093400,Ticket Redirect
2026-09-05 02:32,ticket_redirect,meta,paid_social,promessi-spassi,52672614093400,Ticket Redirect
2026-09-05 02:32,ticket_redirect,meta,paid_social,promessi-spassi,52672614093400,Ticket Redirect
2026-09-05 05:09,ticket_redirect,meta,paid_social,promessi-spassi,52672614093400,Ticket Redirect
2026-09-05 06:07,ticket_redirect,meta,paid_social,promessi-spassi,52672614093400,Ticket Redirect
2026-09-05 06:22,ticket_redirect,meta,paid_social,promessi-spassi,52672614093400,Ticket Redirect
2026-09-05 07:00,ticket_redirect,meta,paid_social,promessi-spassi,52672614093400,Ticket Redirect
2026-09-05 07:03,ticket_redirect,meta,paid_social,promessi-spassi,52672614093400,Ticket Redirect
2026-09-05 07:48,ticket_redirect,meta,paid_social,promessi-spassi,52672614093400,Ticket Redirect
2026-09-05 09:34,ticket_redirect,meta,paid_social,promessi-spassi,52672614093400,Ticket Redirect
2026-09-05 09:34,ticket_redirect,meta,paid_social,promessi-spassi,52672614093400,Ticket Redirect
2026-09-05 09:34,ticket_redirect,meta,paid_social,promessi-spassi,52672614093400,Ticket Redirect
2026-09-05 10:03,ticket_redirect,meta,paid_social,promessi-spassi,52672614093400,Ticket Redirect
2026-09-05 10:04,ticket_redirect,meta,paid_social,promessi-spassi,52672431580800,Ticket Redirect
2026-09-05 11:46,ticket_redirect,meta,paid_social,promessi-spassi,,Ticket Redirect
2026-09-05 11:51,ticket_redirect,meta,paid_social,promessi-spassi,,Ticket Redirect
2026-09-05 12:15,ticket_redirect,meta,paid_social,promessi-spassi,52673618076600,Ticket Redirect
2026-09-05 12:18,ticket_redirect,meta,paid_social,promessi-spassi,52673618076600,Ticket Redirect
2026-09-05 12:18,ticket_redirect,meta,paid_social,promessi-spassi,52673618076600,Ticket Redirect
2026-09-05 12:30,ticket_redirect,meta,paid_social,promessi-spassi,52673618076600,Ticket Redirect
2026-09-05 12:35,ticket_redirect,meta,paid_social,promessi-spassi,52673618076600,Ticket Redirect
2026-09-05 12:37,ticket_redirect,meta,paid_social,promessi-spassi,52673618076600,Ticket Redirect
2026-09-05 12:44,ticket_redirect,meta,paid_social,promessi-spassi,52673618076600,Ticket Redirect
2026-09-05 12:49,ticket_redirect,meta,paid_social,promessi-spassi,52673618076600,Ticket Redirect
2026-09-05 13:22,ticket_redirect,meta,paid_social,promessi-spassi,52673618076600,Ticket Redirect
2026-09-05 13:55,ticket_redirect,meta,paid_social,promessi-spassi,52673618076600,Ticket Redirect
2026-09-05 14:06,ticket_redirect,meta,paid_social,promessi-spassi,52673618076600,Ticket Redirect
2026-09-05 14:21,ticket_redirect,meta,paid_social,promessi-spassi,52673618076600,Ticket Redirect
2026-09-05 14:26,ticket_redirect,meta,paid_social,promessi-spassi,52673618076600,Ticket Redirect
2026-09-05 14:33,ticket_redirect,meta,paid_social,promessi-spassi,52672614093400,Ticket Redirect
2026-09-05 14:40,ticket_redirect,meta,paid_social,promessi-spassi,52672614093400,Ticket Redirect
2026-09-05 14:44,ticket_redirect,meta,paid_social,promessi-spassi,52672614093400,Ticket Redirect
2026-09-05 14:51,ticket_redirect,meta,paid_social,promessi-spassi,52672614093400,Ticket Redirect
2026-09-05 15:01,ticket_redirect,meta,paid_social,promessi-spassi,52672614093400,Ticket Redirect
2026-09-05 15:15,ticket_redirect,meta,paid_social,promessi-spassi,52672614093400,Ticket Redirect
2026-09-05 15:21,ticket_redirect,meta,paid_social,promessi-spassi,52672614093400,Ticket Redirect
2026-09-05 15:23,ticket_redirect,meta,paid_social,promessi-spassi,52672614093400,Ticket Redirect
2026-09-05 16:15,ticket_redirect,meta,paid_social,promessi-spassi,52673618076600,Ticket Redirect
2026-09-05 17:03,ticket_redirect,meta,paid_social,promessi-spassi,52672614093400,Ticket Redirect
2026-09-05 17:22,ticket_redirect,meta,paid_social,promessi-spassi,52672614093400,Ticket Redirect
2026-09-05 17:23,ticket_redirect,meta,paid_social,promessi-spassi,52673618076600,Ticket Redirect
2026-09-05 17:50,ticket_redirect,meta,paid_social,promessi-spassi,52672614093400,Ticket Redirect
2026-09-05 18:14,ticket_redirect,meta,paid_social,promessi-spassi,52672614093400,Ticket Redirect
2026-09-05 18:49,ticket_redirect,meta,paid_social,promessi-spassi,52672614093400,Ticket Redirect
2026-09-05 18:52,ticket_redirect,meta,paid_social,promessi-spassi,52672614093400,Ticket Redirect
2026-09-05 18:56,ticket_redirect,meta,paid_social,promessi-spassi,52672614093400,Ticket Redirect
2026-09-05 19:00,ticket_redirect,meta,paid_social,promessi-spassi,52672614093400,Ticket Redirect
2026-09-05 19:19,ticket_redirect,meta,paid_social,promessi-spassi,52672614093400,Ticket Redirect
2026-09-05 19:23,ticket_redirect,meta,paid_social,promessi-spassi,52672614093400,Ticket Redirect
2026-09-05 19:29,ticket_redirect,meta,paid_social,promessi-spassi,52672614093400,Ticket Redirect
2026-09-05 19:31,ticket_redirect,meta,paid_social,promessi-spassi,52672614093400,Ticket Redirect
2026-09-05 20:36,ticket_redirect,meta,paid_social,promessi-spassi,52672614093400,Ticket Redirect
2026-09-05 20:49,ticket_redirect,meta,paid_social,promessi-spassi,52672614093400,Ticket Redirect
2026-09-05 20:52,ticket_redirect,meta,paid_social,promessi-spassi,52672614093400,Ticket Redirect
2026-09-05 20:52,ticket_redirect,meta,paid_social,promessi-spassi,52672614093400,Ticket Redirect
2026-09-06 00:15,ticket_redirect,meta,paid_social,promessi-spassi,52672614093400,Ticket Redirect
2026-09-06 00:16,ticket_redirect,meta,paid_social,promessi-spassi,52672614093400,Ticket Redirect
2026-09-06 00:17,ticket_redirect,meta,paid_social,promessi-spassi,52672614093400,Ticket Redirect
2026-09-06 00:18,ticket_redirect,meta,paid_social,promessi-spassi,52672614093400,Ticket Redirect
2026-09-06 00:24,ticket_click,google,organic,,,https://inyourfacecomedy.ch/
2026-09-06 00:25,ticket_redirect,meta,paid_social,promessi-spassi,52672614093400,Ticket Redirect
2026-09-06 00:26,ticket_redirect,meta,paid_social,promessi-spassi,52672614093400,Ticket Redirect
2026-09-06 00:33,ticket_redirect,meta,paid_social,promessi-spassi,52672614093400,Ticket Redirect
2026-09-06 01:06,ticket_redirect,meta,paid_social,promessi-spassi,52672614093400,Ticket Redirect
2026-09-06 01:29,ticket_redirect,meta,paid_social,promessi-spassi,52672614093400,Ticket Redirect
2026-09-06 03:00,ticket_redirect,meta,paid_social,promessi-spassi,52672614093400,Ticket Redirect
2026-09-06 05:42,ticket_redirect,meta,paid_social,promessi-spassi,52672614093400,Ticket Redirect
2026-09-06 06:37,ticket_redirect,meta,paid_social,promessi-spassi,52672614093400,Ticket Redirect
2026-09-06 06:41,ticket_redirect,meta,paid_social,promessi-spassi,52672614093400,Ticket Redirect
2026-09-06 07:22,ticket_redirect,meta,paid_social,promessi-spassi,52672614093400,Ticket Redirect
2026-09-06 07:28,ticket_redirect,meta,paid_social,promessi-spassi,52672614093400,Ticket Redirect
2026-09-06 07:33,ticket_redirect,meta,paid_social,promessi-spassi,52672614093400,Ticket Redirect
2026-09-06 08:13,ticket_redirect,meta,paid_social,promessi-spassi,52672614093400,Ticket Redirect
2026-09-06 08:13,ticket_redirect,meta,paid_social,promessi-spassi,52672614093400,Ticket Redirect
2026-09-06 08:13,ticket_redirect,meta,paid_social,promessi-spassi,52672614093400,Ticket Redirect
2026-09-06 08:26,ticket_redirect,meta,paid_social,promessi-spassi,52672614093400,Ticket Redirect
2026-09-06 08:44,ticket_redirect,meta,paid_social,promessi-spassi,52672614093400,Ticket Redirect
2026-09-06 08:45,ticket_redirect,meta,paid_social,promessi-spassi,,Ticket Redirect
2026-09-06 08:47,ticket_redirect,meta,paid_social,promessi-spassi,52672614093400,Ticket Redirect
2026-09-06 09:12,ticket_redirect,meta,paid_social,promessi-spassi,52672614093400,Ticket Redirect
2026-09-06 09:41,ticket_redirect,meta,paid_social,promessi-spassi,52672614093400,Ticket Redirect
2026-09-06 09:55,ticket_redirect,meta,paid_social,promessi-spassi,52672614093400,Ticket Redirect
2026-09-06 09:59,ticket_redirect,meta,paid_social,promessi-spassi,52672614093400,Ticket Redirect
2026-09-06 11:04,ticket_redirect,meta,paid_social,promessi-spassi,52672614093400,Ticket Redirect
2026-09-06 11:07,ticket_redirect,meta,paid_social,promessi-spassi,52672614093400,Ticket Redirect
2026-09-06 11:07,ticket_redirect,meta,paid_social,promessi-spassi,52672614093400,Ticket Redirect
2026-09-06 11:50,ticket_redirect,meta,paid_social,promessi-spassi,52672614093400,Ticket Redirect
2026-09-06 11:56,ticket_redirect,meta,paid_social,promessi-spassi,52672614093400,Ticket Redirect
2026-09-06 12:40,ticket_redirect,meta,paid_social,promessi-spassi,52672614093400,Ticket Redirect
2026-09-06 12:44,ticket_redirect,meta,paid_social,promessi-spassi,52672614093400,Ticket Redirect
2026-09-06 12:58,ticket_redirect,meta,paid_social,promessi-spassi,52672614093400,Ticket Redirect
2026-09-06 12:59,ticket_redirect,meta,paid_social,promessi-spassi,52672614093400,Ticket Redirect
2026-09-06 13:02,ticket_redirect,meta,paid_social,promessi-spassi,52672614093400,Ticket Redirect
2026-09-06 13:04,ticket_redirect,meta,paid_social,promessi-spassi,52672614093400,Ticket Redirect
2026-09-06 13:49,ticket_redirect,meta,paid_social,promessi-spassi,52672614093400,Ticket Redirect
2026-09-06 13:57,ticket_redirect,meta,paid_social,promessi-spassi,52672614093400,Ticket Redirect
2026-09-06 14:39,ticket_redirect,meta,paid_social,promessi-spassi,52673618076600,Ticket Redirect
2026-09-06 14:43,ticket_redirect,meta,paid_social,promessi-spassi,52672614093400,Ticket Redirect
2026-09-06 15:19,ticket_redirect,meta,paid_social,promessi-spassi,52672614093400,Ticket Redirect
2026-09-06 15:46,ticket_redirect,meta,paid_social,promessi-spassi,52672614093400,Ticket Redirect
2026-09-06 15:46,ticket_redirect,meta,paid_social,promessi-spassi,52672614093400,Ticket Redirect
2026-09-06 15:47,ticket_redirect,meta,paid_social,promessi-spassi,52672614093400,Ticket Redirect
2026-09-06 15:51,ticket_redirect,meta,paid_social,promessi-spassi,52672614093400,Ticket Redirect
2026-09-06 16:15,ticket_redirect,meta,paid_social,promessi-spassi,52672614093400,Ticket Redirect
2026-09-06 16:35,ticket_redirect,meta,paid_social,promessi-spassi,52672614093400,Ticket Redirect
2026-09-06 17:04,ticket_redirect,meta,paid_social,promessi-spassi,52672614093400,Ticket Redirect
2026-09-06 17:38,ticket_redirect,meta,paid_social,promessi-spassi,52672614093400,Ticket Redirect
2026-09-06 17:46,ticket_redirect,meta,paid_social,promessi-spassi,52672614093400,Ticket Redirect
2026-09-06 18:05,ticket_redirect,meta,paid_social,promessi-spassi,52672614093400,Ticket Redirect
2026-09-06 18:14,ticket_redirect,meta,paid_social,promessi-spassi,52672614093400,Ticket Redirect
2026-09-06 18:20,ticket_redirect,meta,paid_social,promessi-spassi,52672614093400,Ticket Redirect
2026-09-06 18:27,ticket_redirect,meta,paid_social,promessi-spassi,52672614093400,Ticket Redirect
2026-09-06 18:51,ticket_redirect,meta,paid_social,promessi-spassi,52672614093400,Ticket Redirect
2026-09-06 18:54,ticket_redirect,meta,paid_social,promessi-spassi,52672614093400,Ticket Redirect
2026-09-06 18:54,ticket_redirect,meta,paid_social,promessi-spassi,52672614093400,Ticket Redirect
2026-09-06 19:00,ticket_redirect,meta,paid_social,promessi-spassi,52672614093400,Ticket Redirect
2026-09-06 19:18,ticket_redirect,meta,paid_social,promessi-spassi,52672614093400,Ticket Redirect
2026-09-06 19:48,ticket_redirect,meta,paid_social,promessi-spassi,52672614093400,Ticket Redirect
2026-09-06 19:52,ticket_redirect,meta,paid_social,promessi-spassi,52672614093400,Ticket Redirect
2026-09-06 20:10,ticket_redirect,meetup,referral,promessi-spassi,,Ticket Redirect
2026-09-06 20:10,ticket_redirect,meta,paid_social,promessi-spassi,52672614093400,Ticket Redirect
2026-09-06 20:18,ticket_redirect,meta,paid_social,promessi-spassi,52672614093400,Ticket Redirect
2026-09-06 20:30,ticket_redirect,meta,paid_social,promessi-spassi,52672614093400,Ticket Redirect
2026-09-06 20:52,ticket_redirect,meta,paid_social,promessi-spassi,52672614093400,Ticket Redirect
2026-09-06 20:56,ticket_redirect,meta,paid_social,promessi-spassi,52672614093400,Ticket Redirect
2026-09-06 21:22,ticket_redirect,meta,paid_social,promessi-spassi,52672614093400,Ticket Redirect
2026-09-06 21:32,ticket_redirect,meta,paid_social,promessi-spassi,52672614093400,Ticket Redirect
2026-09-06 21:34,ticket_redirect,meta,paid_social,promessi-spassi,52672614093400,Ticket Redirect
2026-09-06 21:53,ticket_redirect,meta,paid_social,promessi-spassi,52672614093400,Ticket Redirect
2026-09-06 22:01,ticket_redirect,meta,paid_social,promessi-spassi,52672614093400,Ticket Redirect
2026-09-06 22:01,ticket_redirect,meta,paid_social,promessi-spassi,52672614093400,Ticket Redirect
2026-09-06 22:03,ticket_redirect,meta,paid_social,promessi-spassi,52672614093400,Ticket Redirect
2026-09-06 22:28,ticket_redirect,meta,paid_social,promessi-spassi,52672614093400,Ticket Redirect
2026-09-06 22:32,ticket_redirect,meta,paid_social,promessi-spassi,52672614093400,Ticket Redirect
2026-09-06 22:36,ticket_redirect,meta,paid_social,promessi-spassi,52672614093400,Ticket Redirect
2026-09-06 22:44,ticket_redirect,meta,paid_social,promessi-spassi,52672614093400,Ticket Redirect
2026-09-06 22:44,ticket_redirect,meta,paid_social,promessi-spassi,52672614093400,Ticket Redirect
2026-09-06 22:54,ticket_redirect,meta,paid_social,promessi-spassi,52672614093400,Ticket Redirect
2026-09-06 22:57,ticket_redirect,meta,paid_social,promessi-spassi,52672614093400,Ticket Redirect
2026-09-06 23:00,ticket_redirect,meta,paid_social,promessi-spassi,52672614093400,Ticket Redirect
2026-09-06 23:07,ticket_redirect,meta,paid_social,promessi-spassi,52672614093400,Ticket Redirect
2026-09-06 23:08,ticket_redirect,meta,paid_social,promessi-spassi,52672614093400,Ticket Redirect
2026-09-06 23:09,ticket_redirect,meta,paid_social,promessi-spassi,52672614093400,Ticket Redirect
2026-09-06 23:11,ticket_redirect,meta,paid_social,promessi-spassi,52672614093400,Ticket Redirect
2026-09-06 23:12,ticket_redirect,meta,paid_social,promessi-spassi,52672614093400,Ticket Redirect
2026-09-06 23:14,ticket_redirect,meta,paid_social,promessi-spassi,52672614093400,Ticket Redirect
2026-09-07 00:29,ticket_redirect,meta,paid_social,promessi-spassi,52672614093400,Ticket Redirect
2026-09-07 01:53,ticket_redirect,meta,paid_social,promessi-spassi,52672614093400,Ticket Redirect
2026-09-07 04:33,ticket_redirect,meta,paid_social,promessi-spassi,52672614093400,Ticket Redirect
2026-09-07 04:33,ticket_redirect,meta,paid_social,promessi-spassi,52672614093400,Ticket Redirect
2026-09-07 04:34,ticket_redirect,instagram,social,promessi-spassi,link_in_bio,Ticket Redirect
2026-09-07 05:38,ticket_redirect,meta,paid_social,promessi-spassi,52672614093400,Ticket Redirect
2026-09-07 06:12,ticket_redirect,meta,paid_social,promessi-spassi,52672614093400,Ticket Redirect
2026-09-07 06:18,ticket_redirect,meta,paid_social,promessi-spassi,52672614093400,Ticket Redirect
2026-09-07 06:29,ticket_redirect,meta,paid_social,promessi-spassi,52672614093400,Ticket Redirect
2026-09-07 06:52,ticket_redirect,meta,paid_social,promessi-spassi,52672614093400,Ticket Redirect
2026-09-07 07:08,ticket_redirect,meta,paid_social,promessi-spassi,52672614093400,Ticket Redirect
2026-09-07 07:16,ticket_redirect,meta,paid_social,promessi-spassi,52672614093400,Ticket Redirect
2026-09-07 07:26,ticket_redirect,meta,paid_social,promessi-spassi,52672614093400,Ticket Redirect
2026-09-07 07:31,ticket_redirect,meta,paid_social,promessi-spassi,52672614093400,Ticket Redirect
2026-09-07 07:39,ticket_redirect,meta,paid_social,promessi-spassi,52672614093400,Ticket Redirect
2026-09-07 07:50,ticket_redirect,meta,paid_social,promessi-spassi,52672614093400,Ticket Redirect
2026-09-07 07:52,ticket_redirect,meta,paid_social,promessi-spassi,52672614093400,Ticket Redirect
2026-09-07 08:00,ticket_redirect,meta,paid_social,promessi-spassi,52672614093400,Ticket Redirect
2026-09-07 08:01,ticket_redirect,meta,paid_social,promessi-spassi,52672614093400,Ticket Redirect
2026-09-07 08:04,ticket_redirect,meta,paid_social,promessi-spassi,52672614093400,Ticket Redirect
2026-09-07 08:05,ticket_redirect,meta,paid_social,promessi-spassi,52672614093400,Ticket Redirect
2026-09-07 08:07,ticket_redirect,meta,paid_social,promessi-spassi,52672614093400,Ticket Redirect
2026-09-07 08:11,ticket_redirect,meta,paid_social,promessi-spassi,52672614093400,Ticket Redirect
2026-09-07 08:15,ticket_redirect,meta,paid_social,promessi-spassi,52672614093400,Ticket Redirect
2026-09-07 08:22,ticket_redirect,meta,paid_social,promessi-spassi,52672614093400,Ticket Redirect
2026-09-07 08:23,ticket_redirect,meta,paid_social,promessi-spassi,52672614093400,Ticket Redirect
2026-09-07 08:45,ticket_redirect,meta,paid_social,promessi-spassi,52672614093400,Ticket Redirect
2026-09-07 08:46,ticket_redirect,meta,paid_social,promessi-spassi,52672614093400,Ticket Redirect
2026-09-07 08:54,ticket_redirect,meta,paid_social,promessi-spassi,52672614093400,Ticket Redirect
2026-09-07 09:02,ticket_redirect,meta,paid_social,promessi-spassi,52672614093400,Ticket Redirect
2026-09-07 09:16,ticket_redirect,meta,paid_social,promessi-spassi,52672614093400,Ticket Redirect
2026-09-07 09:18,ticket_click,(direct),(none),,,https://inyourfacecomedy.ch/calendar/
2026-09-07 09:33,ticket_redirect,meta,paid_social,promessi-spassi,52672614093400,Ticket Redirect
2026-09-07 09:41,ticket_redirect,meta,paid_social,promessi-spassi,52672614093400,Ticket Redirect
2026-09-07 09:55,ticket_redirect,meta,paid_social,promessi-spassi,52672614093400,Ticket Redirect
2026-09-07 10:12,ticket_redirect,meta,paid_social,promessi-spassi,52672614093400,Ticket Redirect
2026-09-07 10:12,ticket_redirect,meta,paid_social,promessi-spassi,52672614093400,Ticket Redirect
2026-09-07 10:14,ticket_redirect,meta,paid_social,promessi-spassi,52672614093400,Ticket Redirect
2026-09-07 10:19,ticket_redirect,meta,paid_social,promessi-spassi,52672614093400,Ticket Redirect
2026-09-07 10:26,ticket_redirect,meta,paid_social,promessi-spassi,52672614093400,Ticket Redirect
2026-09-07 10:48,ticket_redirect,meta,paid_social,promessi-spassi,52672614093400,Ticket Redirect
2026-09-07 10:53,ticket_redirect,meta,paid_social,promessi-spassi,52672614093400,Ticket Redirect
2026-09-07 11:01,ticket_redirect,meta,paid_social,promessi-spassi,52672614093400,Ticket Redirect
2026-09-07 11:02,ticket_redirect,meta,paid_social,promessi-spassi,52672614093400,Ticket Redirect
2026-09-07 11:09,ticket_redirect,meta,paid_social,promessi-spassi,52672614093400,Ticket Redirect
2026-09-07 11:10,ticket_redirect,meta,paid_social,promessi-spassi,52672614093400,Ticket Redirect
2026-09-07 11:17,ticket_redirect,meta,paid_social,promessi-spassi,52672614093400,Ticket Redirect
2026-09-07 11:17,ticket_redirect,meta,paid_social,promessi-spassi,52672614093400,Ticket Redirect
2026-09-07 11:18,ticket_redirect,meta,paid_social,promessi-spassi,52672614093400,Ticket Redirect
2026-09-07 11:24,ticket_redirect,meta,paid_social,promessi-spassi,52672614093400,Ticket Redirect
2026-09-07 11:30,ticket_redirect,meta,paid_social,promessi-spassi,52672614093400,Ticket Redirect
2026-09-07 11:34,ticket_redirect,meta,paid_social,promessi-spassi,52672614093400,Ticket Redirect
2026-09-07 12:01,ticket_redirect,meta,paid_social,promessi-spassi,52672614093400,Ticket Redirect
2026-09-07 12:22,ticket_redirect,meta,paid_social,promessi-spassi,52672614093400,Ticket Redirect
2026-09-07 12:29,ticket_redirect,meta,paid_social,promessi-spassi,52672614093400,Ticket Redirect
2026-09-07 13:05,ticket_redirect,meta,paid_social,promessi-spassi,52672614093400,Ticket Redirect
2026-09-07 13:07,ticket_redirect,meta,paid_social,promessi-spassi,52672614093400,Ticket Redirect
2026-09-07 13:07,ticket_redirect,meta,paid_social,promessi-spassi,52672614093400,Ticket Redirect
2026-09-07 13:08,ticket_redirect,meta,paid_social,promessi-spassi,52672614093400,Ticket Redirect
2026-09-07 13:39,ticket_redirect,meta,paid_social,promessi-spassi,52672614093400,Ticket Redirect
2026-09-07 13:55,ticket_redirect,meta,paid_social,promessi-spassi,52672614093400,Ticket Redirect
2026-09-07 13:56,ticket_redirect,meta,paid_social,promessi-spassi,52672614093400,Ticket Redirect
2026-09-07 14:06,ticket_redirect,meta,paid_social,promessi-spassi,52672614093400,Ticket Redirect
2026-09-07 14:21,ticket_redirect,meta,paid_social,promessi-spassi,52672614093400,Ticket Redirect
2026-09-07 14:24,ticket_redirect,meta,paid_social,promessi-spassi,52672614093400,Ticket Redirect
2026-09-07 14:32,ticket_redirect,meta,paid_social,promessi-spassi,52672614093400,Ticket Redirect
2026-09-07 14:34,ticket_redirect,meta,paid_social,promessi-spassi,,Ticket Redirect
2026-09-07 14:42,ticket_redirect,meta,paid_social,promessi-spassi,52672614093400,Ticket Redirect
2026-09-07 14:50,ticket_redirect,meta,paid_social,promessi-spassi,52672614093400,Ticket Redirect
2026-09-07 15:06,ticket_redirect,meta,paid_social,promessi-spassi,52672614093400,Ticket Redirect
2026-09-07 15:06,ticket_redirect,meta,paid_social,promessi-spassi,52672614093400,Ticket Redirect
2026-09-07 15:13,ticket_redirect,meta,paid_social,promessi-spassi,52672614093400,Ticket Redirect
2026-09-07 15:14,ticket_redirect,meta,paid_social,promessi-spassi,52672614093400,Ticket Redirect
2026-09-07 15:18,ticket_redirect,meta,paid_social,promessi-spassi,52672614093400,Ticket Redirect
2026-09-07 15:30,ticket_redirect,meta,paid_social,promessi-spassi,52672614093400,Ticket Redirect
2026-09-07 15:30,ticket_redirect,meta,paid_social,promessi-spassi,52672614093400,Ticket Redirect
2026-09-07 15:44,ticket_redirect,meta,paid_social,promessi-spassi,52672614093400,Ticket Redirect
2026-09-07 15:52,ticket_redirect,meta,paid_social,promessi-spassi,52672614093400,Ticket Redirect
2026-09-07 16:15,ticket_redirect,meta,paid_social,promessi-spassi,52672614093400,Ticket Redirect
2026-09-07 16:17,ticket_redirect,meta,paid_social,promessi-spassi,52672614093400,Ticket Redirect
2026-09-07 16:32,ticket_redirect,meta,paid_social,promessi-spassi,52672614093400,Ticket Redirect
2026-09-07 16:35,ticket_redirect,meta,paid_social,promessi-spassi,52672614093400,Ticket Redirect
2026-09-07 16:37,ticket_redirect,meta,paid_social,promessi-spassi,52672614093400,Ticket Redirect
2026-09-07 16:51,ticket_redirect,meta,paid_social,promessi-spassi,52672614093400,Ticket Redirect
2026-09-07 17:15,ticket_redirect,meta,paid_social,promessi-spassi,52672614093400,Ticket Redirect
2026-09-07 17:17,ticket_redirect,meta,paid_social,promessi-spassi,52672614093400,Ticket Redirect
2026-09-07 17:21,ticket_redirect,meta,paid_social,promessi-spassi,52672614093400,Ticket Redirect
2026-09-07 17:30,ticket_redirect,meta,paid_social,promessi-spassi,52672614093400,Ticket Redirect
2026-09-07 17:31,ticket_redirect,meta,paid_social,promessi-spassi,52672614093400,Ticket Redirect
2026-09-07 18:17,ticket_redirect,meta,paid_social,promessi-spassi,52672614093400,Ticket Redirect
2026-09-07 18:26,ticket_redirect,meta,paid_social,promessi-spassi,52672614093400,Ticket Redirect
2026-09-07 18:31,ticket_click,IN YOUR FACE Comedy,email,64026e8943-EMAIL_CAMPAIGN_2026_09_07_04_29,,https://inyourfacecomedy.ch/promessi-spassi/
2026-09-07 18:37,ticket_redirect,meta,paid_social,promessi-spassi,52672614093400,Ticket Redirect
2026-09-07 18:39,ticket_redirect,meta,paid_social,promessi-spassi,52672614093400,Ticket Redirect
2026-09-07 18:53,ticket_redirect,meta,paid_social,promessi-spassi,52672614093400,Ticket Redirect
2026-09-07 19:21,ticket_redirect,meta,paid_social,promessi-spassi,52672614093400,Ticket Redirect
2026-09-07 19:21,ticket_redirect,meta,paid_social,promessi-spassi,52672614093400,Ticket Redirect
2026-09-07 19:23,ticket_redirect,meta,paid_social,promessi-spassi,52672614093400,Ticket Redirect
2026-09-07 19:24,ticket_redirect,meta,paid_social,promessi-spassi,52672614093400,Ticket Redirect
2026-09-07 19:25,ticket_redirect,meta,paid_social,promessi-spassi,52672614093400,Ticket Redirect
2026-09-07 19:41,ticket_redirect,meta,paid_social,promessi-spassi,52672614093400,Ticket Redirect
2026-09-07 19:41,ticket_redirect,meta,paid_social,promessi-spassi,52672614093400,Ticket Redirect
2026-09-07 19:48,ticket_redirect,meta,paid_social,promessi-spassi,52672614093400,Ticket Redirect
2026-09-07 19:52,ticket_redirect,meta,paid_social,promessi-spassi,52672614093400,Ticket Redirect
2026-09-07 19:57,ticket_redirect,meta,paid_social,promessi-spassi,52672614093400,Ticket Redirect
2026-09-07 20:13,ticket_redirect,meta,paid_social,promessi-spassi,52672614093400,Ticket Redirect
2026-09-07 20:19,ticket_redirect,meta,paid_social,promessi-spassi,52672614093400,Ticket Redirect
2026-09-07 20:20,ticket_redirect,meta,paid_social,promessi-spassi,52672614093400,Ticket Redirect
2026-09-07 20:23,ticket_redirect,meta,paid_social,promessi-spassi,52672614093400,Ticket Redirect
2026-09-07 20:23,ticket_redirect,meta,paid_social,promessi-spassi,52672614093400,Ticket Redirect
2026-09-07 20:59,ticket_redirect,meta,paid_social,promessi-spassi,52672614093400,Ticket Redirect
2026-09-07 21:11,ticket_redirect,meta,paid_social,promessi-spassi,52672614093400,Ticket Redirect
2026-09-07 21:11,ticket_redirect,meta,paid_social,promessi-spassi,52672614093400,Ticket Redirect
2026-09-07 21:11,ticket_redirect,meta,paid_social,promessi-spassi,52672614093400,Ticket Redirect
2026-09-07 21:12,ticket_redirect,meta,paid_social,promessi-spassi,52672614093400,Ticket Redirect
2026-09-07 21:44,ticket_redirect,meta,paid_social,promessi-spassi,52672614093400,Ticket Redirect
2026-09-07 21:45,ticket_redirect,meta,paid_social,promessi-spassi,52672614093400,Ticket Redirect
2026-09-07 21:56,ticket_redirect,meta,paid_social,promessi-spassi,52672614093400,Ticket Redirect
2026-09-07 22:05,ticket_redirect,meta,paid_social,promessi-spassi,52672614093400,Ticket Redirect
2026-09-07 22:05,ticket_redirect,meta,paid_social,promessi-spassi,52672614093400,Ticket Redirect
2026-09-07 22:13,ticket_redirect,meta,paid_social,promessi-spassi,52672614093400,Ticket Redirect
2026-09-07 22:16,ticket_redirect,meta,paid_social,promessi-spassi,52672614093400,Ticket Redirect
2026-09-07 22:19,ticket_redirect,meta,paid_social,promessi-spassi,52672614093400,Ticket Redirect
2026-09-07 22:23,ticket_redirect,meta,paid_social,promessi-spassi,52672614093400,Ticket Redirect
2026-09-07 22:24,ticket_redirect,meta,paid_social,promessi-spassi,52672614093400,Ticket Redirect
2026-09-07 22:29,ticket_redirect,meta,paid_social,promessi-spassi,52672614093400,Ticket Redirect
2026-09-07 22:35,ticket_redirect,meta,paid_social,promessi-spassi,52672614093400,Ticket Redirect
2026-09-07 22:41,ticket_redirect,meta,paid_social,promessi-spassi,52672614093400,Ticket Redirect
2026-09-07 22:42,ticket_redirect,meta,paid_social,promessi-spassi,52672614093400,Ticket Redirect
2026-09-07 22:46,ticket_redirect,meta,paid_social,promessi-spassi,52672614093400,Ticket Redirect
2026-09-07 23:02,ticket_redirect,meta,paid_social,promessi-spassi,52672614093400,Ticket Redirect
2026-09-07 23:07,ticket_redirect,meta,paid_social,promessi-spassi,52672614093400,Ticket Redirect
2026-09-07 23:08,ticket_redirect,meta,paid_social,promessi-spassi,52672614093400,Ticket Redirect
2026-09-07 23:14,ticket_redirect,meta,paid_social,promessi-spassi,52672614093400,Ticket Redirect
2026-09-07 23:14,ticket_redirect,meta,paid_social,promessi-spassi,52672614093400,Ticket Redirect
2026-09-08 00:06,ticket_redirect,meta,paid_social,promessi-spassi,52672614093400,Ticket Redirect
2026-09-08 00:13,ticket_redirect,meta,paid_social,promessi-spassi,52672614093400,Ticket Redirect
2026-09-08 00:22,ticket_redirect,meta,paid_social,promessi-spassi,52672614093400,Ticket Redirect
2026-09-08 00:24,ticket_redirect,meta,paid_social,promessi-spassi,52672614093400,Ticket Redirect
2026-09-08 00:55,ticket_redirect,meta,paid_social,promessi-spassi,52672614093400,Ticket Redirect
2026-09-08 01:02,ticket_redirect,meta,paid_social,promessi-spassi,52672614093400,Ticket Redirect
2026-09-08 01:40,ticket_redirect,meta,paid_social,promessi-spassi,52672614093400,Ticket Redirect
2026-09-08 02:13,ticket_redirect,meta,paid_social,promessi-spassi,52672614093400,Ticket Redirect
2026-09-08 05:24,ticket_redirect,meta,paid_social,promessi-spassi,52672614093400,Ticket Redirect
2026-09-08 05:38,ticket_redirect,meta,paid_social,promessi-spassi,52672614093400,Ticket Redirect
2026-09-08 05:48,ticket_redirect,meta,paid_social,promessi-spassi,52672614093400,Ticket Redirect
2026-09-08 06:18,ticket_redirect,meta,paid_social,promessi-spassi,52672614093400,Ticket Redirect
2026-09-08 06:48,ticket_redirect,meta,paid_social,promessi-spassi,52672614093400,Ticket Redirect
2026-09-08 06:54,ticket_redirect,meta,paid_social,promessi-spassi,52672614093400,Ticket Redirect
2026-09-08 06:55,ticket_redirect,meta,paid_social,promessi-spassi,52672614093400,Ticket Redirect
2026-09-08 06:59,ticket_redirect,meta,paid_social,promessi-spassi,52672614093400,Ticket Redirect
2026-09-08 07:00,ticket_redirect,meta,paid_social,promessi-spassi,52672614093400,Ticket Redirect
2026-09-08 07:04,ticket_redirect,meta,paid_social,promessi-spassi,52672614093400,Ticket Redirect
2026-09-08 07:13,ticket_redirect,meta,paid_social,promessi-spassi,52672614093400,Ticket Redirect
2026-09-08 07:43,ticket_redirect,meta,paid_social,promessi-spassi,52672614093400,Ticket Redirect
2026-09-08 07:46,ticket_redirect,meta,paid_social,promessi-spassi,52672614093400,Ticket Redirect
2026-09-08 07:47,ticket_redirect,meta,paid_social,promessi-spassi,52672614093400,Ticket Redirect
2026-09-08 07:49,ticket_redirect,meta,paid_social,promessi-spassi,52672614093400,Ticket Redirect
2026-09-08 07:50,ticket_redirect,meta,paid_social,promessi-spassi,52672614093400,Ticket Redirect
2026-09-08 08:38,ticket_redirect,meta,paid_social,promessi-spassi,52672614093400,Ticket Redirect
2026-09-08 08:58,ticket_redirect,meta,paid_social,promessi-spassi,52672614093400,Ticket Redirect
2026-09-08 08:58,ticket_redirect,meta,paid_social,promessi-spassi,52672614093400,Ticket Redirect
2026-09-08 09:30,ticket_redirect,meta,paid_social,promessi-spassi,52672614093400,Ticket Redirect
2026-09-08 09:35,ticket_click,duckduckgo,organic,,,https://inyourfacecomedy.ch/promessi-spassi/
2026-09-08 09:43,ticket_redirect,meta,paid_social,promessi-spassi,52672614093400,Ticket Redirect
2026-09-08 09:59,ticket_redirect,meta,paid_social,promessi-spassi,52672614093400,Ticket Redirect
2026-09-08 10:24,ticket_redirect,meta,paid_social,promessi-spassi,52672614093400,Ticket Redirect
2026-09-08 10:43,ticket_redirect,meta,paid_social,promessi-spassi,52672614093400,Ticket Redirect
2026-09-08 10:53,ticket_redirect,meta,paid_social,promessi-spassi,52672614093400,Ticket Redirect
2026-09-08 11:23,ticket_redirect,meta,paid_social,promessi-spassi,52672614093400,Ticket Redirect
2026-09-08 11:25,ticket_redirect,meta,paid_social,promessi-spassi,52672614093400,Ticket Redirect
2026-09-08 11:36,ticket_redirect,meta,paid_social,promessi-spassi,52672614093400,Ticket Redirect
2026-09-08 14:10,ticket_redirect,meta,paid_social,promessi-spassi,52672614093400,Ticket Redirect
2026-09-08 14:29,ticket_redirect,meta,paid_social,promessi-spassi,52672614093400,Ticket Redirect
2026-09-08 15:32,ticket_redirect,meta,paid_social,promessi-spassi,52672614093400,Ticket Redirect
2026-09-08 15:42,ticket_redirect,meta,paid_social,promessi-spassi,52672614093400,Ticket Redirect
2026-09-08 15:50,ticket_redirect,meta,paid_social,promessi-spassi,52672614093400,Ticket Redirect
2026-09-08 16:12,ticket_redirect,meta,paid_social,promessi-spassi,52672614093400,Ticket Redirect
2026-09-08 16:12,ticket_redirect,meta,paid_social,promessi-spassi,52672614093400,Ticket Redirect
2026-09-08 16:19,ticket_redirect,meta,paid_social,promessi-spassi,52672614093400,Ticket Redirect
2026-09-08 16:28,ticket_click,(direct),(none),,,https://inyourfacecomedy.ch/calendar/
2026-09-08 16:46,ticket_redirect,meta,paid_social,promessi-spassi,52672614093400,Ticket Redirect
2026-09-08 16:56,ticket_redirect,meta,paid_social,promessi-spassi,52672614093400,Ticket Redirect
2026-09-08 17:06,ticket_redirect,meta,paid_social,promessi-spassi,52672614093400,Ticket Redirect
2026-09-08 17:06,ticket_redirect,meta,paid_social,promessi-spassi,52672614093400,Ticket Redirect
2026-09-08 17:23,ticket_redirect,meta,paid_social,promessi-spassi,52672614093400,Ticket Redirect
2026-09-08 17:38,ticket_redirect,meta,paid_social,promessi-spassi,52672614093400,Ticket Redirect
2026-09-08 17:38,ticket_redirect,meta,paid_social,promessi-spassi,52672614093400,Ticket Redirect
2026-09-08 17:52,ticket_redirect,meta,paid_social,promessi-spassi,52672614093400,Ticket Redirect
2026-09-08 17:57,ticket_redirect,meta,paid_social,promessi-spassi,52672614093400,Ticket Redirect
2026-09-08 18:19,ticket_redirect,meta,paid_social,promessi-spassi,52672614093400,Ticket Redirect
2026-09-08 18:29,ticket_redirect,meta,paid_social,promessi-spassi,52672614093400,Ticket Redirect
2026-09-08 18:33,ticket_redirect,meta,paid_social,promessi-spassi,52672614093400,Ticket Redirect
2026-09-08 18:46,ticket_redirect,meta,paid_social,promessi-spassi,52672614093400,Ticket Redirect
2026-09-08 18:54,ticket_redirect,meta,paid_social,promessi-spassi,52672614093400,Ticket Redirect
2026-09-08 19:24,ticket_redirect,meta,paid_social,promessi-spassi,52672614093400,Ticket Redirect
2026-09-08 19:42,ticket_redirect,meta,paid_social,promessi-spassi,52672614093400,Ticket Redirect
2026-09-08 19:48,ticket_redirect,meta,paid_social,promessi-spassi,52672614093400,Ticket Redirect
2026-09-08 19:56,ticket_redirect,meta,paid_social,promessi-spassi,52672614093400,Ticket Redirect
2026-09-08 19:56,ticket_redirect,meta,paid_social,promessi-spassi,52672614093400,Ticket Redirect
2026-09-08 20:52,ticket_redirect,meta,paid_social,promessi-spassi,52672614093400,Ticket Redirect
2026-09-08 21:07,ticket_redirect,meta,paid_social,promessi-spassi,52672614093400,Ticket Redirect
2026-09-08 21:23,ticket_redirect,meta,paid_social,promessi-spassi,52672614093400,Ticket Redirect
2026-09-08 21:37,ticket_redirect,meta,paid_social,promessi-spassi,52672614093400,Ticket Redirect
2026-09-08 21:38,ticket_redirect,meta,paid_social,promessi-spassi,52672614093400,Ticket Redirect
2026-09-08 21:41,ticket_redirect,meta,paid_social,promessi-spassi,52672614093400,Ticket Redirect
2026-09-08 21:42,ticket_redirect,meta,paid_social,promessi-spassi,52672614093400,Ticket Redirect
2026-09-08 21:56,ticket_redirect,meta,paid_social,promessi-spassi,52672614093400,Ticket Redirect
2026-09-08 22:19,ticket_redirect,meta,paid_social,promessi-spassi,52672614093400,Ticket Redirect
2026-09-08 22:21,ticket_redirect,meta,paid_social,promessi-spassi,52672614093400,Ticket Redirect
2026-09-08 22:22,ticket_redirect,meta,paid_social,promessi-spassi,52672614093400,Ticket Redirect
2026-09-08 22:32,ticket_redirect,meta,paid_social,promessi-spassi,52672614093400,Ticket Redirect
2026-09-08 22:40,ticket_redirect,meta,paid_social,promessi-spassi,52672614093400,Ticket Redirect
2026-09-08 23:42,ticket_redirect,meta,paid_social,promessi-spassi,52672614093400,Ticket Redirect
2026-09-08 23:56,ticket_redirect,meta,paid_social,promessi-spassi,52672614093400,Ticket Redirect
2026-09-09 00:03,ticket_redirect,meta,paid_social,promessi-spassi,52672614093400,Ticket Redirect
2026-09-09 00:11,ticket_redirect,meta,paid_social,promessi-spassi,52672614093400,Ticket Redirect
2026-09-09 00:36,ticket_redirect,meta,paid_social,promessi-spassi,52672614093400,Ticket Redirect
2026-09-09 00:38,ticket_redirect,meta,paid_social,promessi-spassi,52672614093400,Ticket Redirect
2026-09-09 00:47,ticket_redirect,meta,paid_social,promessi-spassi,52672614093400,Ticket Redirect
2026-09-09 00:49,ticket_redirect,meta,paid_social,promessi-spassi,52672614093400,Ticket Redirect
2026-09-09 07:17,ticket_redirect,meta,paid_social,promessi-spassi,52672614093400,Ticket Redirect
2026-09-09 07:24,ticket_redirect,meta,paid_social,promessi-spassi,52672614093400,Ticket Redirect
2026-09-09 07:24,ticket_redirect,meta,paid_social,promessi-spassi,52672614093400,Ticket Redirect
2026-09-09 07:33,ticket_redirect,meta,paid_social,promessi-spassi,52672614093400,Ticket Redirect
2026-09-09 07:36,ticket_redirect,meta,paid_social,promessi-spassi,52672614093400,Ticket Redirect
2026-09-09 07:45,ticket_redirect,meta,paid_social,promessi-spassi,52672614093400,Ticket Redirect
2026-09-09 07:56,ticket_redirect,meta,paid_social,promessi-spassi,52672614093400,Ticket Redirect
